configuration,attack_type,adversarial_attempts,unauthorized_actions_executed,ASR,delegation_scope_denials,DVR,context_spoof_attempts,context_spoof_blocked,CSBR,mean_latency_ms
no_enforcement,direct_prompt_injection,60,60,100.0%,0,0.0%,0,0,,0.000092
no_enforcement,indirect_prompt_injection,60,60,100.0%,0,0.0%,0,0,,0.000096
no_enforcement,tool_output_poisoning,60,60,100.0%,0,0.0%,0,0,,0.000098
no_enforcement,context_spoofing,60,60,100.0%,0,0.0%,60,0,0.0%,0.000098
no_enforcement,delegation_drift,60,60,100.0%,0,0.0%,0,0,,0.000097
no_enforcement,overbroad_intent_extraction,60,60,100.0%,0,0.0%,0,0,,0.000094
identity_only_rbac,direct_prompt_injection,60,18,30.0%,0,0.0%,0,0,,0.001798
identity_only_rbac,indirect_prompt_injection,60,21,35.0%,0,0.0%,0,0,,0.002083
identity_only_rbac,tool_output_poisoning,60,18,30.0%,0,0.0%,0,0,,0.001834
identity_only_rbac,context_spoofing,60,18,30.0%,0,0.0%,60,0,0.0%,0.001811
identity_only_rbac,delegation_drift,60,30,50.0%,0,0.0%,0,0,,0.003047
identity_only_rbac,overbroad_intent_extraction,60,15,25.0%,0,0.0%,0,0,,0.001621
tool_allowlist,direct_prompt_injection,60,27,45.0%,0,0.0%,0,0,,0.002751
tool_allowlist,indirect_prompt_injection,60,30,50.0%,0,0.0%,0,0,,0.003097
tool_allowlist,tool_output_poisoning,60,27,45.0%,0,0.0%,0,0,,0.002808
tool_allowlist,context_spoofing,60,27,45.0%,0,0.0%,60,0,0.0%,0.002726
tool_allowlist,delegation_drift,60,30,50.0%,0,0.0%,0,0,,0.003521
tool_allowlist,overbroad_intent_extraction,60,30,50.0%,0,0.0%,0,0,,0.003388
intent_only,direct_prompt_injection,60,0,0.0%,0,0.0%,0,0,,0.008465
intent_only,indirect_prompt_injection,60,0,0.0%,0,0.0%,0,0,,0.008242
intent_only,tool_output_poisoning,60,0,0.0%,0,0.0%,0,0,,0.008214
intent_only,context_spoofing,60,0,0.0%,0,0.0%,60,0,0.0%,0.008444
intent_only,delegation_drift,60,60,100.0%,0,0.0%,0,0,,0.009814
intent_only,overbroad_intent_extraction,60,36,60.0%,0,0.0%,0,0,,0.009222
context_only,direct_prompt_injection,60,60,100.0%,0,0.0%,0,0,,0.011642
context_only,indirect_prompt_injection,60,60,100.0%,0,0.0%,0,0,,0.011275
context_only,tool_output_poisoning,60,60,100.0%,0,0.0%,0,0,,0.011671
context_only,context_spoofing,60,0,0.0%,0,0.0%,60,60,100.0%,0.011361
context_only,delegation_drift,60,60,100.0%,0,0.0%,0,0,,0.012223
context_only,overbroad_intent_extraction,60,60,100.0%,0,0.0%,0,0,,0.011868
intent_context_no_attenuation,direct_prompt_injection,60,0,0.0%,0,0.0%,0,0,,0.014194
intent_context_no_attenuation,indirect_prompt_injection,60,0,0.0%,0,0.0%,0,0,,0.014349
intent_context_no_attenuation,tool_output_poisoning,60,0,0.0%,0,0.0%,0,0,,0.014237
intent_context_no_attenuation,context_spoofing,60,0,0.0%,0,0.0%,60,60,100.0%,0.011861
intent_context_no_attenuation,delegation_drift,60,60,100.0%,0,0.0%,0,0,,0.014989
intent_context_no_attenuation,overbroad_intent_extraction,60,36,60.0%,0,0.0%,0,0,,0.015487
full_iba,direct_prompt_injection,60,0,0.0%,0,0.0%,0,0,,0.026225
full_iba,indirect_prompt_injection,60,0,0.0%,0,0.0%,0,0,,0.025967
full_iba,tool_output_poisoning,60,0,0.0%,0,0.0%,0,0,,0.027538
full_iba,context_spoofing,60,0,0.0%,0,0.0%,60,60,100.0%,0.021541
full_iba,delegation_drift,60,0,0.0%,60,100.0%,0,0,,0.023946
full_iba,overbroad_intent_extraction,60,36,60.0%,0,0.0%,0,0,,0.027142
