configuration,workflow,benign_attempts,adversarial_attempts,ASR,TSR,FDR,DVR,mean_latency_ms
no_enforcement,cloud_ops,90,90,100.0%,100.0%,0.0%,0.0%,0.000105
no_enforcement,document_retrieval,90,90,100.0%,100.0%,0.0%,0.0%,0.000092
no_enforcement,ticketing_it,90,90,100.0%,100.0%,0.0%,0.0%,0.000092
no_enforcement,approval_workflow,90,90,100.0%,100.0%,0.0%,0.0%,0.000090
identity_only_rbac,cloud_ops,90,90,40.0%,100.0%,0.0%,0.0%,0.004163
identity_only_rbac,document_retrieval,90,90,16.7%,100.0%,0.0%,0.0%,0.003505
identity_only_rbac,ticketing_it,90,90,0.0%,100.0%,0.0%,0.0%,0.003138
identity_only_rbac,approval_workflow,90,90,76.7%,100.0%,0.0%,0.0%,0.005160
tool_allowlist,cloud_ops,90,90,40.0%,100.0%,0.0%,0.0%,0.004212
tool_allowlist,document_retrieval,90,90,100.0%,100.0%,0.0%,0.0%,0.005985
tool_allowlist,ticketing_it,90,90,33.3%,100.0%,0.0%,0.0%,0.004416
tool_allowlist,approval_workflow,90,90,16.7%,100.0%,0.0%,0.0%,0.003476
intent_only,cloud_ops,90,90,26.7%,96.7%,3.3%,0.0%,0.007758
intent_only,document_retrieval,90,90,26.7%,96.7%,3.3%,0.0%,0.008035
intent_only,ticketing_it,90,90,26.7%,96.7%,3.3%,0.0%,0.009655
intent_only,approval_workflow,90,90,26.7%,96.7%,3.3%,0.0%,0.008514
context_only,cloud_ops,90,90,83.3%,100.0%,0.0%,0.0%,0.011515
context_only,document_retrieval,90,90,83.3%,100.0%,0.0%,0.0%,0.011020
context_only,ticketing_it,90,90,83.3%,100.0%,0.0%,0.0%,0.012213
context_only,approval_workflow,90,90,83.3%,100.0%,0.0%,0.0%,0.011563
intent_context_no_attenuation,cloud_ops,90,90,26.7%,96.7%,3.3%,0.0%,0.013084
intent_context_no_attenuation,document_retrieval,90,90,26.7%,96.7%,3.3%,0.0%,0.013276
intent_context_no_attenuation,ticketing_it,90,90,26.7%,96.7%,3.3%,0.0%,0.016246
intent_context_no_attenuation,approval_workflow,90,90,26.7%,96.7%,3.3%,0.0%,0.014283
full_iba,cloud_ops,90,90,10.0%,96.7%,3.3%,16.7%,0.020176
full_iba,document_retrieval,90,90,10.0%,96.7%,3.3%,16.7%,0.023099
full_iba,ticketing_it,90,90,10.0%,96.7%,3.3%,16.7%,0.030391
full_iba,approval_workflow,90,90,10.0%,96.7%,3.3%,16.7%,0.026567
